,,,,Timecard Report,
Pay Period,,,09/15/2024-10/11/2024,
Employee,,,JAMES D (10082),
Date,,IN,OUT,Work Time, Daily Total, Note,
SUN,09/15/2024,
MON,09/16/2024,
TUE,09/17/2024,
WED,09/18/2024,
THU,09/19/2024,
FRI,09/20/2024,
SAT,09/21/2024,
SUN,09/22/2024,
MON,09/23/2024,
TUE,09/24/2024,
WED,09/25/2024,07:22,12:06,4.74,
,,20:02,23:40,3.64,8.39,
THU,09/26/2024,07:38,11:55,4.28,
,,13:43,14:33,0.83,
,,15:57,19:19,3.36,8.47,
FRI,09/27/2024,07:18,08:10,0.86,
,,08:44,11:27,2.71,
,,13:27,23:59,10.53,14.10,
SAT,09/28/2024,10:27,12:40,2.21,
,,18:16,19:50,1.56,
,,20:23,,,3.78,Missing OUT
SUN,09/29/2024,04:30,20:02,15.53,
,,20:09,21:26,1.27,
,,22:42,,,16.80,Missing OUT
MON,09/30/2024,09:46,21:27,11.69,
,,01:40,08:02,6.38,18.07,
TUE,10/01/2024,13:37,21:32,7.93,
,,21:55,,,7.93,Missing OUT
WED,10/02/2024,07:14,12:02,4.80,4.80,
THU,10/03/2024,
FRI,10/04/2024,
SAT,10/05/2024,14:47,21:40,6.88,6.88,
SUN,10/06/2024,07:03,12:54,5.85,5.85,
MON,10/07/2024,08:09,12:04,3.92,
,,14:45,14:50,0.09,
,,18:26,,,,Missing OUT
,,01:49,10:10,8.36,12.36,
TUE,10/08/2024,13:40,15:42,2.03,
,,17:49,,,2.03,Missing OUT
WED,10/09/2024,
THU,10/10/2024,08:24,18:15,9.84,9.84,
FRI,10/11/2024,08:22,,,,Missing OUT
Total Hours,,,,,119.30,


Pay Period,,,09/15/2024-10/11/2024,
Employee,,,MATEO S (10672),
Date,,IN,OUT,Work Time, Daily Total, Note,
SUN,09/15/2024,
MON,09/16/2024,
TUE,09/17/2024,
WED,09/18/2024,
THU,09/19/2024,
FRI,09/20/2024,
SAT,09/21/2024,
SUN,09/22/2024,
MON,09/23/2024,
TUE,09/24/2024,10:50,11:00,0.16,
,,11:05,11:35,0.50,0.67,
WED,09/25/2024,12:10,12:13,0.06,0.06,
THU,09/26/2024,11:56,11:57,0.03,0.03,
FRI,09/27/2024,
SAT,09/28/2024,
SUN,09/29/2024,
MON,09/30/2024,
TUE,10/01/2024,
WED,10/02/2024,10:44,10:47,0.05,0.05,
THU,10/03/2024,
FRI,10/04/2024,
SAT,10/05/2024,
SUN,10/06/2024,
MON,10/07/2024,
TUE,10/08/2024,
WED,10/09/2024,
THU,10/10/2024,
FRI,10/11/2024,
Total Hours,,,,,0.80,


Pay Period,,,09/15/2024-10/11/2024,
Employee,,,CESAR R (13253),
Date,,IN,OUT,Work Time, Daily Total, Note,
SUN,09/15/2024,
MON,09/16/2024,
TUE,09/17/2024,
WED,09/18/2024,
THU,09/19/2024,
FRI,09/20/2024,
SAT,09/21/2024,
SUN,09/22/2024,
MON,09/23/2024,
TUE,09/24/2024,11:00,11:04,0.07,0.07,
WED,09/25/2024,06:36,16:59,10.37,
,,17:26,23:41,6.24,16.61,
THU,09/26/2024,06:39,14:54,8.25,8.25,
FRI,09/27/2024,08:15,,,,Missing OUT
,,13:42,14:01,0.32,
,,00:16,,,0.32,Missing OUT
SAT,09/28/2024,
SUN,09/29/2024,
MON,09/30/2024,
TUE,10/01/2024,07:14,14:30,7.28,
,,14:45,15:52,1.12,8.39,
WED,10/02/2024,06:14,13:52,7.64,
,,14:08,14:46,0.62,8.27,
THU,10/03/2024,10:56,,,,Missing OUT
FRI,10/04/2024,
SAT,10/05/2024,
SUN,10/06/2024,
MON,10/07/2024,
TUE,10/08/2024,
WED,10/09/2024,
THU,10/10/2024,
FRI,10/11/2024,
Total Hours,,,,,41.92,


Pay Period,,,09/15/2024-10/11/2024,
Employee,,,ANGEL M (16574),
Date,,IN,OUT,Work Time, Daily Total, Note,
SUN,09/15/2024,
MON,09/16/2024,
TUE,09/17/2024,
WED,09/18/2024,
THU,09/19/2024,
FRI,09/20/2024,
SAT,09/21/2024,
SUN,09/22/2024,
MON,09/23/2024,
TUE,09/24/2024,
WED,09/25/2024,10:15,,,,Missing OUT
,,15:39,,,,Missing OUT
THU,09/26/2024,
FRI,09/27/2024,
SAT,09/28/2024,
SUN,09/29/2024,
MON,09/30/2024,
TUE,10/01/2024,
WED,10/02/2024,
THU,10/03/2024,
FRI,10/04/2024,
SAT,10/05/2024,
SUN,10/06/2024,
MON,10/07/2024,
TUE,10/08/2024,
WED,10/09/2024,
THU,10/10/2024,
FRI,10/11/2024,
Total Hours,,,,,,


Pay Period,,,09/15/2024-10/11/2024,
Employee,,,ERIC B (11666),
Date,,IN,OUT,Work Time, Daily Total, Note,
SUN,09/15/2024,
MON,09/16/2024,
TUE,09/17/2024,
WED,09/18/2024,
THU,09/19/2024,
FRI,09/20/2024,
SAT,09/21/2024,
SUN,09/22/2024,
MON,09/23/2024,
TUE,09/24/2024,
WED,09/25/2024,
THU,09/26/2024,
FRI,09/27/2024,
SAT,09/28/2024,
SUN,09/29/2024,
MON,09/30/2024,
TUE,10/01/2024,08:10,12:40,4.50,
,,13:27,16:11,2.74,7.24,
WED,10/02/2024,07:57,13:06,5.13,
,,14:02,17:15,3.22,8.36,
THU,10/03/2024,07:54,13:01,5.12,
,,13:59,18:24,4.42,9.54,
FRI,10/04/2024,13:01,,,,Missing OUT
SAT,10/05/2024,
SUN,10/06/2024,09:29,17:41,8.20,8.20,
MON,10/07/2024,08:01,12:46,4.75,
,,14:10,18:31,4.35,9.10,
TUE,10/08/2024,07:53,17:54,10.02,10.02,
WED,10/09/2024,08:00,,,,Missing OUT
THU,10/10/2024,08:56,18:15,9.32,9.32,
FRI,10/11/2024,
Total Hours,,,,,61.77,


Pay Period,,,09/15/2024-10/11/2024,
Employee,,,MARIA A (11089),
Date,,IN,OUT,Work Time, Daily Total, Note,
SUN,09/15/2024,
MON,09/16/2024,
TUE,09/17/2024,
WED,09/18/2024,
THU,09/19/2024,
FRI,09/20/2024,
SAT,09/21/2024,
SUN,09/22/2024,
MON,09/23/2024,
TUE,09/24/2024,
WED,09/25/2024,
THU,09/26/2024,
FRI,09/27/2024,
SAT,09/28/2024,
SUN,09/29/2024,
MON,09/30/2024,
TUE,10/01/2024,
WED,10/02/2024,09:00,12:33,3.56,
,,13:32,16:59,3.46,7.02,
THU,10/03/2024,09:08,13:00,3.86,
,,13:32,17:01,3.49,7.34,
FRI,10/04/2024,08:40,12:24,3.72,
,,12:54,13:49,0.91,4.63,
SAT,10/05/2024,
SUN,10/06/2024,
MON,10/07/2024,
TUE,10/08/2024,10:22,14:05,3.72,3.72,
WED,10/09/2024,
THU,10/10/2024,
FRI,10/11/2024,
Total Hours,,,,,22.72,


Pay Period,,,09/15/2024-10/11/2024,
Employee,,,KARLA D (14118),
Date,,IN,OUT,Work Time, Daily Total, Note,
SUN,09/15/2024,
MON,09/16/2024,
TUE,09/17/2024,
WED,09/18/2024,
THU,09/19/2024,
FRI,09/20/2024,
SAT,09/21/2024,
SUN,09/22/2024,
MON,09/23/2024,
TUE,09/24/2024,
WED,09/25/2024,
THU,09/26/2024,
FRI,09/27/2024,
SAT,09/28/2024,
SUN,09/29/2024,
MON,09/30/2024,
TUE,10/01/2024,
WED,10/02/2024,09:00,12:34,3.57,
,,13:32,16:56,3.41,
,,,16:59,,6.98,Missing IN
THU,10/03/2024,09:09,13:00,3.85,
,,13:32,17:01,3.49,7.34,
FRI,10/04/2024,08:41,12:24,3.72,
,,12:54,13:49,0.91,4.63,
SAT,10/05/2024,
SUN,10/06/2024,
MON,10/07/2024,09:00,13:20,4.33,
,,13:50,17:05,3.26,7.59,
TUE,10/08/2024,
WED,10/09/2024,
THU,10/10/2024,
FRI,10/11/2024,
Total Hours,,,,,26.54,


Pay Period,,,09/15/2024-10/11/2024,
Employee,,,WILMARIE O (18353),
Date,,IN,OUT,Work Time, Daily Total, Note,
SUN,09/15/2024,
MON,09/16/2024,
TUE,09/17/2024,
WED,09/18/2024,
THU,09/19/2024,
FRI,09/20/2024,
SAT,09/21/2024,
SUN,09/22/2024,
MON,09/23/2024,
TUE,09/24/2024,
WED,09/25/2024,
THU,09/26/2024,
FRI,09/27/2024,
SAT,09/28/2024,
SUN,09/29/2024,
MON,09/30/2024,
TUE,10/01/2024,
WED,10/02/2024,09:00,12:34,3.57,
,,13:31,,,,Missing OUT
,,16:56,16:59,0.05,3.63,
THU,10/03/2024,09:09,13:00,3.85,
,,13:32,17:01,3.49,7.34,
FRI,10/04/2024,08:41,12:24,3.72,
,,12:54,13:49,0.92,4.64,
SAT,10/05/2024,
SUN,10/06/2024,
MON,10/07/2024,
TUE,10/08/2024,
WED,10/09/2024,
THU,10/10/2024,
FRI,10/11/2024,
Total Hours,,,,,15.61,
