,,,,Timecard Report,
Pay Period,,,11/25/2024-12/08/2024,
Employee,,,ERIC B (11666),
Date,,IN,OUT,Work Time, Daily Total, Note,
MON,11/25/2024,08:06,12:36,4.50,
,,13:40,16:16,2.60,7.10,
TUE,11/26/2024,08:29,13:02,4.56,
,,13:54,16:35,2.68,7.23,
WED,11/27/2024,08:53,12:17,3.40,
,,13:00,17:49,4.83,8.23,
THU,11/28/2024,
FRI,11/29/2024,
SAT,11/30/2024,
SUN,12/01/2024,
MON,12/02/2024,
TUE,12/03/2024,08:21,12:01,3.65,
,,13:01,17:14,4.21,7.87,
WED,12/04/2024,08:04,13:17,5.23,
,,14:25,17:07,2.70,7.93,
THU,12/05/2024,07:45,14:19,6.56,
,,15:20,18:20,2.99,9.55,
FRI,12/06/2024,
SAT,12/07/2024,
SUN,12/08/2024,
Total Hours,,,,,47.90,


Pay Period,,,11/25/2024-12/08/2024,
Employee,,,MARIA A (11089),
Date,,IN,OUT,Work Time, Daily Total, Note,
MON,11/25/2024,08:47,13:20,4.56,
,,13:55,17:04,3.15,7.71,
TUE,11/26/2024,08:45,13:17,4.53,
,,13:47,17:23,3.61,8.14,
WED,11/27/2024,08:18,12:19,4.01,
,,12:49,16:33,3.73,7.73,
THU,11/28/2024,
FRI,11/29/2024,
SAT,11/30/2024,
SUN,12/01/2024,
MON,12/02/2024,10:26,15:51,5.42,
,,16:38,18:24,1.78,7.20,
TUE,12/03/2024,
WED,12/04/2024,09:05,16:06,7.02,7.02,
THU,12/05/2024,
FRI,12/06/2024,
SAT,12/07/2024,10:11,14:35,4.40,4.40,
SUN,12/08/2024,
Total Hours,,,,,42.20,


Pay Period,,,11/25/2024-12/08/2024,
Employee,,,KARLA D (14118),
Date,,IN,OUT,Work Time, Daily Total, Note,
MON,11/25/2024,08:15,13:48,5.56,
,,14:18,17:03,2.75,8.31,
TUE,11/26/2024,08:23,13:17,4.91,
,,13:47,17:28,3.68,8.58,
WED,11/27/2024,08:09,12:19,4.17,
,,12:49,16:33,3.73,7.90,
THU,11/28/2024,
FRI,11/29/2024,
SAT,11/30/2024,
SUN,12/01/2024,
MON,12/02/2024,
TUE,12/03/2024,10:39,12:50,2.18,
,,13:25,15:50,2.42,4.60,
WED,12/04/2024,09:05,16:06,7.02,7.02,
THU,12/05/2024,
FRI,12/06/2024,
SAT,12/07/2024,
SUN,12/08/2024,
Total Hours,,,,,36.41,


Pay Period,,,11/25/2024-12/08/2024,
Employee,,,WILMARIE O (18353),
Date,,IN,OUT,Work Time, Daily Total, Note,
MON,11/25/2024,08:47,13:20,4.55,
,,13:55,17:04,3.14,7.69,
TUE,11/26/2024,08:45,13:16,4.53,
,,13:47,16:57,3.18,7.70,
WED,11/27/2024,08:19,12:19,4.01,
,,12:49,16:33,3.73,7.74,
THU,11/28/2024,
FRI,11/29/2024,
SAT,11/30/2024,
SUN,12/01/2024,
MON,12/02/2024,10:25,15:51,5.43,
,,16:37,18:24,1.78,7.21,
TUE,12/03/2024,09:24,12:48,3.39,
,,13:20,15:50,2.49,5.89,
WED,12/04/2024,
THU,12/05/2024,08:34,14:15,5.67,5.67,
FRI,12/06/2024,
SAT,12/07/2024,
SUN,12/08/2024,
Total Hours,,,,,41.89,


Pay Period,,,11/25/2024-12/08/2024,
Employee,,,VIDAL P (17558),
Date,,IN,OUT,Work Time, Daily Total, Note,
MON,11/25/2024,08:06,12:36,4.51,
,,13:38,16:17,2.64,7.15,
TUE,11/26/2024,08:28,13:04,4.59,
,,13:54,16:35,2.68,7.27,
WED,11/27/2024,08:53,12:17,3.41,
,,13:00,17:50,4.83,8.24,
THU,11/28/2024,
FRI,11/29/2024,
SAT,11/30/2024,
SUN,12/01/2024,
MON,12/02/2024,
TUE,12/03/2024,08:22,12:01,3.66,
,,13:01,17:14,4.21,7.87,
WED,12/04/2024,08:04,13:17,5.23,
,,14:26,17:08,2.69,7.92,
THU,12/05/2024,
FRI,12/06/2024,
SAT,12/07/2024,
SUN,12/08/2024,
Total Hours,,,,,38.46,
